Designator,Footprint,Quantity,Value,LCSC Part #
A101,Arduino_UNO_R3,1,Arduino_UNO_R3,
"C101, C104, C107, C108, C111, C112, C201, C203, C208, C217, C218, C219",C_1005_(0402),12,100n,C1525
C102,1206,1,10u VM,C13585
"C103, C106",C_1005_(0402),2,100n VM,C307331
C105,1206,1,10u VM,C13585
"C109, C110",C_1005_(0402),2,22n VM,C107019
C113,0805,1,22u,C45783
C202,0805,1,10u VM 0805,C440198
C204,0805,1,22u,C45783
C205,0805,1,22u,C45783
C206,0805,1,22u,C45783
"C209, C226",CP_Elec_6.3x7.7,2,100u VM,C125975
C210,1206,1,10u VM,C13585
C211,1206,1,10u VM,C13585
C212,1206,1,10u VM,C13585
C213,0805,1,22u,C45783
C214,0805,1,22u,C45783
C215,0805,1,22u,C45783
C216,0805,1,22u,C45783
C220,1210,1,-,
C221,1210,1,-,
C222,1210,1,-,
C223,1210,1,-,
C224,1210,1,-,
C225,1210,1,-,
D101,0603,1,0603_LED_Red,C72038
D102,0603,1,0603_LED_Red,C72038
D103,0603,1,0603_LED_Red,C72038
D104,0603,1,0603_LED_Red,C72038
D201,D_SOD-323,1,10V,C85383
D202,0603,1,0603_LED_Green,C72043 
"FID101, FID102, FID103",toolinghole_jlc,3,Toolinghole_jlc,
"FID104, FID105, FID106",Fiducial_1mm_Mask2mm,3,Fiducial,
"J101, J103","PhoenixContact_MC_1,5_2-G-3.5_1x02_P3.50mm_Horizontal",2,"MC 1,5/ 2-G-3,5",C880572
J105,PinHeader_2x04_P2.54mm_Vertical_SMD,1,Conn_02x04_smd,C3294462
J106,PinSocket_1x04_P2.54mm_Vertical,1,Conn_01x04_f,C2935975
J107,JST_SH_SM04B-SRSS-TB_1x04-1MP_P1.00mm_Horizontal,1,STEMMA QT,
J203,BarrelJack_Horizontal,1,Barrel_Jack_MountingPin,
"JP101, JP102, JP103, JP105, JP106, JP108, JP109, JP110, JP111, JP112, JP113, JP114, JP115, JP116, JP117",SolderJumper-3_P1.3mm_Bridged12_RoundedPad1.0x1.5mm,15,Jumper_3,
"JP104, JP107, JP203",SolderJumper-4,3,Jumper_4,
"JP201, JP204",SolderJumper-2_P1.3mm_Bridged2Bar_RoundedPad1.0x1.5mm,2,Jumper_2,
"JP202, JP205",SolderJumper-2_P1.3mm_Open_RoundedPad1.0x1.5mm,2,Jumper_2_o,
L201,L_PSPMAA0805,1,56uH,C2962890
"Q101, Q102",SOT-23,2,AO3400A,C20917
Q201,TO-252-2,1,AOD4185,C400894
R101,0805,1,10k,
R102,0805,1,10k,
"R103, R104, R111, R115, R116, R210",R_1005_(0402),6,100k,C25741
"R105, R106",R_1005_(0402),2,1k5,C25867
"R107, R108",R_1005_(0402),2,100R,C25076
"R109, R110",R_1005_(0402),2,680R,C25130
"R112, R201, R203",R_1005_(0402),3,470k,C25790
"R113, R114, R205, R206, R209",R_1005_(0402),5,47k,C25792
R202,0603,1,20R,C22950
R207,R_1005_(0402),1,1k,C11702
R208,R_1005_(0402),1,4k7,C25900
SW101,SW_SPST_TS-1088-AR02016,1,Switch,C720477
U101,SO-14_3.9x8.65mm_P1.27mm,1,74HC04,C5590
U102,SO-14_3.9x8.65mm_P1.27mm,1,74HC08,C5593
U103,SO-14_3.9x8.65mm_P1.27mm,1,74HC32,C5632
"U104, U105",HTSSOP-16-1EP_4.4x5mm_P0.65mm_EP3.4x5mm_Mask2.46_HiAmp,2,DRV8874PWPR,C1855818
U106,SOT-23-5,1,LMV321,C7972
U201,TSOT23-8,1,MP9942GJ,C118209
