Designator,Footprint,Quantity,Value,LCSC Part #
A101,Arduino_UNO_R3,1,Arduino_UNO_R3,
C101,0402,1,100n,C307331
C102,1206,1,10u 35V,C13585
C103,0402,1,100n,C307331
C104,0402,1,100n,C307331
C105,1206,1,10u 35V,C13585
C106,0402,1,100n,C307331
C107,0402,1,100n,C307331
C108,0402,1,100n,C307331
C109,0402,1,22n,C107019
C110,0402,1,22n,C107019
C111,0402,1,100n,C307331
C112,0402,1,100n,C307331
C201,0402,1,100n,C307331
C202,0805,1,10u 35V 0805,C440198
C203,0402,1,100n,C307331
C204,0805,1,22u,C45783
C205,0805,1,22u,C45783
C206,0805,1,22u,C45783
C207,0402,1,100n,C307331
C208,0402,1,100n,C307331
C209,CP_Elec_6.3x7.7,1,100u 35V,C125975
C210,1206,1,10u 35V,C13585
C211,1206,1,10u 35V,C13585
C212,1206,1,10u 35V,C13585
C213,0805,1,22u,C45783
C214,0805,1,22u,C45783
C215,0805,1,22u,C45783
C216,0805,1,22u,C45783
C217,0402,1,100n,C307331
C218,0402,1,100n,C307331
C219,0402,1,100n,C307331
C220,1210,1,~,
C221,1210,1,~,
C222,1210,1,~,
C223,1210,1,~,
C224,1210,1,~,
C225,1210,1,~,
D201,D_SOD-323,1,10V,C85383
D202,0603,1,0603_LED,C72043 
"FID101, FID102, FID103",toolinghole_jlc,3,Toolinghole_jlc,
"FID104, FID105, FID106",Fiducial_1mm_Mask2mm,3,Fiducial,
"J101, J103","PhoenixContact_MC_1,5_2-G-3.5_1x02_P3.50mm_Horizontal",2,"Phoenix Contact MC 1,5/ 2-G-3,5",C880572
"J102, J104, J202",PinHeader_01x03_P2.5mm_Vertical_min,3,dnp,
J105,PinHeader_2x04_P2.54mm_Vertical_SMD,1,Conn_02x04_smd,C3294462
J106,PinSocket_1x04_P2.54mm_Vertical,1,Conn_01x04_f,C2935975
J201,PinHeader_1x02_P2.54mm_Vertical_min,1,dnp,
J203,BarrelJack_Horizontal,1,Barrel_Jack_MountingPin,
"JP101, JP102, JP103, JP105, JP106, JP108, JP109, JP110, JP111, JP112, JP113, JP114, JP115, JP116, JP117",SolderJumper-3_P1.3mm_Bridged12_RoundedPad1.0x1.5mm,15,SolderJumper_3_Bridged12,
"JP104, JP107, JP203",SolderJumper-4,3,SolderJumper_4,
JP201,SolderJumper-2_P1.3mm_Bridged2Bar_RoundedPad1.0x1.5mm,1,Jumper_2_Bridged,
JP202,SolderJumper-2_P1.3mm_Open_RoundedPad1.0x1.5mm,1,Jumper_2_Open,
L201,L_PSPMAA0805,1,56uH,C2962890
"Q101, Q102",SOT-23,2,AO3400A,C20917
Q201,TO-252-2,1,AOD4185,C400894
R101,0805,1,10k,
R102,0805,1,10k,
R103,0402,1,100k,C25741
R104,0402,1,100k,C25741
R105,0402,1,1k5,C25867
R106,0402,1,1k5,C25867
R107,0402,1,100R,C25076
R108,0402,1,100R,C25076
R109,0402,1,680R,C25130
R110,0402,1,680R,C25130
R111,0402,1,100k,C25741
R112,0402,1,470k,C25790
R201,0402,1,470k,C25790
R202,0603,1,20R,C22950
R203,0402,1,470k,C25790
R205,0402,1,47k,C25792
R206,0402,1,47k,C25792
R207,0402,1,1k,C11702
R208,0402,1,4k7,C25900
R209,0402,1,4k7,C25900
R210,0402,1,100k,C25741
SW101,SW_SPST_SKQG_WithoutStem,1,Switch,C2985739
U101,SO-14_3.9x8.65mm_P1.27mm,1,74HC04,C5590
U102,SO-14_3.9x8.65mm_P1.27mm,1,74HC08,C5593
U103,SO-14_3.9x8.65mm_P1.27mm,1,74HC32,C5632
"U104, U105",HTSSOP-16-1EP_4.4x5mm_P0.65mm_EP3.4x5mm_Mask2.46,2,DRV8874PWPR,C1855818
U106,SOT-23-5,1,LMV321,C7972
U201,TSOT23-8,1,MP9942GJ,C118209
